{"hook_msgs": {}}
{"mode": "train", "epoch": 1, "iter": 50, "lr": 0.0, "memory": 17532, "data_time": 0.05186, "loss_rpn_cls": 0.68289, "loss_rpn_bbox": 0.06026, "s0.loss_cls": 1.38289, "s0.acc": 67.50781, "s0.loss_bbox": 0.03942, "s1.loss_cls": 0.69428, "s1.acc": 65.00586, "s1.loss_bbox": 0.01051, "s2.loss_cls": 0.4255, "s2.acc": 48.9082, "s2.loss_bbox": 0.00135, "loss": 3.29711, "time": 0.76789}
{"mode": "train", "epoch": 1, "iter": 100, "lr": 1e-05, "memory": 17532, "data_time": 0.00604, "loss_rpn_cls": 0.51154, "loss_rpn_bbox": 0.066, "s0.loss_cls": 0.43122, "s0.acc": 91.74023, "s0.loss_bbox": 0.18448, "s1.loss_cls": 0.13833, "s1.acc": 96.1875, "s1.loss_bbox": 0.05395, "s2.loss_cls": 0.05345, "s2.acc": 97.69336, "s2.loss_bbox": 0.00736, "loss": 1.44632, "time": 0.72675}
{"mode": "train", "epoch": 1, "iter": 150, "lr": 1e-05, "memory": 17532, "data_time": 0.00603, "loss_rpn_cls": 0.29035, "loss_rpn_bbox": 0.05061, "s0.loss_cls": 0.40538, "s0.acc": 91.70898, "s0.loss_bbox": 0.1964, "s1.loss_cls": 0.11423, "s1.acc": 96.19727, "s1.loss_bbox": 0.06071, "s2.loss_cls": 0.03534, "s2.acc": 98.02734, "s2.loss_bbox": 0.00829, "loss": 1.16131, "time": 0.72712}
{"mode": "train", "epoch": 1, "iter": 200, "lr": 2e-05, "memory": 17532, "data_time": 0.00607, "loss_rpn_cls": 0.20352, "loss_rpn_bbox": 0.06286, "s0.loss_cls": 0.43909, "s0.acc": 90.42578, "s0.loss_bbox": 0.22589, "s1.loss_cls": 0.11887, "s1.acc": 95.8418, "s1.loss_bbox": 0.06506, "s2.loss_cls": 0.03476, "s2.acc": 97.89062, "s2.loss_bbox": 0.00899, "loss": 1.15905, "time": 0.75344}
{"mode": "train", "epoch": 1, "iter": 250, "lr": 2e-05, "memory": 17532, "data_time": 0.00601, "loss_rpn_cls": 0.16457, "loss_rpn_bbox": 0.05197, "s0.loss_cls": 0.41367, "s0.acc": 90.95117, "s0.loss_bbox": 0.2155, "s1.loss_cls": 0.11308, "s1.acc": 95.98828, "s1.loss_bbox": 0.06518, "s2.loss_cls": 0.03258, "s2.acc": 98.0, "s2.loss_bbox": 0.00882, "loss": 1.06536, "time": 0.75451}
{"mode": "train", "epoch": 1, "iter": 300, "lr": 3e-05, "memory": 17532, "data_time": 0.00614, "loss_rpn_cls": 0.15289, "loss_rpn_bbox": 0.04601, "s0.loss_cls": 0.42933, "s0.acc": 90.67578, "s0.loss_bbox": 0.22304, "s1.loss_cls": 0.11639, "s1.acc": 95.87891, "s1.loss_bbox": 0.06743, "s2.loss_cls": 0.03335, "s2.acc": 97.99609, "s2.loss_bbox": 0.00914, "loss": 1.07757, "time": 0.73916}
