{"hook_msgs": {}}
{"mode": "train", "epoch": 1, "iter": 50, "lr": 0.0001, "memory": 26678, "data_time": 0.05205, "loss_cls": 0.98358, "loss_bbox": 1.03546, "loss_centerness": 0.6438, "loss": 2.66284, "time": 1.26203}
{"mode": "train", "epoch": 1, "iter": 100, "lr": 0.0001, "memory": 26678, "data_time": 0.00571, "loss_cls": 0.79771, "loss_bbox": 0.98529, "loss_centerness": 0.63583, "loss": 2.41883, "time": 1.22765}
{"mode": "train", "epoch": 1, "iter": 150, "lr": 0.0001, "memory": 26678, "data_time": 0.0055, "loss_cls": 0.76472, "loss_bbox": 1.04263, "loss_centerness": 0.63521, "loss": 2.44255, "time": 1.22714}
{"mode": "train", "epoch": 1, "iter": 200, "lr": 0.0001, "memory": 26678, "data_time": 0.00584, "loss_cls": 0.70297, "loss_bbox": 0.98456, "loss_centerness": 0.63132, "loss": 2.31885, "time": 1.23293}
{"mode": "train", "epoch": 1, "iter": 250, "lr": 0.0001, "memory": 26678, "data_time": 0.00626, "loss_cls": 0.62617, "loss_bbox": 0.90288, "loss_centerness": 0.62922, "loss": 2.15827, "time": 1.21232}
{"mode": "train", "epoch": 1, "iter": 300, "lr": 0.0001, "memory": 26678, "data_time": 0.00589, "loss_cls": 0.66881, "loss_bbox": 0.93845, "loss_centerness": 0.63211, "loss": 2.23937, "time": 1.29767}
{"mode": "train", "epoch": 1, "iter": 350, "lr": 0.0001, "memory": 26678, "data_time": 0.00582, "loss_cls": 0.60425, "loss_bbox": 0.92177, "loss_centerness": 0.6321, "loss": 2.15812, "time": 1.23349}
{"mode": "train", "epoch": 1, "iter": 400, "lr": 0.0001, "memory": 26678, "data_time": 0.00593, "loss_cls": 0.61967, "loss_bbox": 0.94998, "loss_centerness": 0.63422, "loss": 2.20386, "time": 1.31985}
{"mode": "train", "epoch": 1, "iter": 450, "lr": 0.0001, "memory": 26678, "data_time": 0.00571, "loss_cls": 0.61166, "loss_bbox": 0.86353, "loss_centerness": 0.63456, "loss": 2.10974, "time": 1.191}
{"mode": "train", "epoch": 1, "iter": 500, "lr": 0.0001, "memory": 26678, "data_time": 0.00558, "loss_cls": 0.63249, "loss_bbox": 0.86853, "loss_centerness": 0.6302, "loss": 2.13123, "time": 1.20655}
{"mode": "train", "epoch": 1, "iter": 550, "lr": 0.0001, "memory": 26678, "data_time": 0.00551, "loss_cls": 0.57752, "loss_bbox": 0.87583, "loss_centerness": 0.63558, "loss": 2.08893, "time": 1.19867}
{"mode": "train", "epoch": 1, "iter": 600, "lr": 0.0001, "memory": 26678, "data_time": 0.00592, "loss_cls": 0.61121, "loss_bbox": 0.80246, "loss_centerness": 0.62912, "loss": 2.04279, "time": 1.23358}
{"mode": "train", "epoch": 1, "iter": 650, "lr": 0.0001, "memory": 26678, "data_time": 0.00574, "loss_cls": 0.63406, "loss_bbox": 0.81229, "loss_centerness": 0.62618, "loss": 2.07253, "time": 1.20741}
{"mode": "train", "epoch": 1, "iter": 700, "lr": 0.0001, "memory": 26678, "data_time": 0.00587, "loss_cls": 0.59678, "loss_bbox": 0.83887, "loss_centerness": 0.63281, "loss": 2.06846, "time": 1.26108}
{"mode": "train", "epoch": 1, "iter": 750, "lr": 0.0001, "memory": 26678, "data_time": 0.00585, "loss_cls": 0.59959, "loss_bbox": 0.80402, "loss_centerness": 0.6276, "loss": 2.03121, "time": 1.30931}
{"mode": "train", "epoch": 1, "iter": 800, "lr": 0.0001, "memory": 26678, "data_time": 0.00601, "loss_cls": 0.57966, "loss_bbox": 0.79384, "loss_centerness": 0.62564, "loss": 1.99915, "time": 1.23862}
{"mode": "train", "epoch": 1, "iter": 850, "lr": 0.0001, "memory": 26678, "data_time": 0.006, "loss_cls": 0.5646, "loss_bbox": 0.77371, "loss_centerness": 0.62716, "loss": 1.96547, "time": 1.20805}
{"mode": "train", "epoch": 1, "iter": 900, "lr": 0.0001, "memory": 26678, "data_time": 0.00631, "loss_cls": 0.57312, "loss_bbox": 0.71484, "loss_centerness": 0.6239, "loss": 1.91186, "time": 1.30315}
{"mode": "train", "epoch": 1, "iter": 950, "lr": 0.0001, "memory": 26678, "data_time": 0.00588, "loss_cls": 0.57928, "loss_bbox": 0.75726, "loss_centerness": 0.62732, "loss": 1.96386, "time": 1.25935}
{"mode": "train", "epoch": 1, "iter": 1000, "lr": 0.0001, "memory": 26678, "data_time": 0.00589, "loss_cls": 0.58405, "loss_bbox": 0.75499, "loss_centerness": 0.62642, "loss": 1.96546, "time": 1.24334}
{"mode": "train", "epoch": 1, "iter": 1050, "lr": 0.0001, "memory": 26678, "data_time": 0.00607, "loss_cls": 0.58284, "loss_bbox": 0.8152, "loss_centerness": 0.63395, "loss": 2.03199, "time": 1.22275}
{"mode": "train", "epoch": 1, "iter": 1100, "lr": 0.0001, "memory": 26678, "data_time": 0.00601, "loss_cls": 0.56549, "loss_bbox": 0.72863, "loss_centerness": 0.62166, "loss": 1.91578, "time": 1.21628}
{"mode": "train", "epoch": 1, "iter": 1150, "lr": 0.0001, "memory": 26678, "data_time": 0.00617, "loss_cls": 0.58946, "loss_bbox": 0.85939, "loss_centerness": 0.6307, "loss": 2.07954, "time": 1.27641}
{"mode": "train", "epoch": 1, "iter": 1200, "lr": 0.0001, "memory": 26678, "data_time": 0.00615, "loss_cls": 0.55956, "loss_bbox": 0.72487, "loss_centerness": 0.62507, "loss": 1.90949, "time": 1.24163}
{"mode": "train", "epoch": 1, "iter": 1250, "lr": 0.0001, "memory": 26678, "data_time": 0.00584, "loss_cls": 0.5359, "loss_bbox": 0.75192, "loss_centerness": 0.62004, "loss": 1.90786, "time": 1.21043}
{"mode": "train", "epoch": 1, "iter": 1300, "lr": 0.0001, "memory": 26678, "data_time": 0.00608, "loss_cls": 0.54182, "loss_bbox": 0.72924, "loss_centerness": 0.62529, "loss": 1.89634, "time": 1.20495}
{"mode": "train", "epoch": 1, "iter": 1350, "lr": 0.0001, "memory": 26678, "data_time": 0.00637, "loss_cls": 0.51869, "loss_bbox": 0.65763, "loss_centerness": 0.61944, "loss": 1.79575, "time": 1.2291}
{"mode": "train", "epoch": 1, "iter": 1400, "lr": 0.0001, "memory": 26678, "data_time": 0.00602, "loss_cls": 0.53622, "loss_bbox": 0.63834, "loss_centerness": 0.6162, "loss": 1.79076, "time": 1.19319}
{"mode": "train", "epoch": 1, "iter": 1450, "lr": 0.0001, "memory": 26678, "data_time": 0.00583, "loss_cls": 0.55181, "loss_bbox": 0.68302, "loss_centerness": 0.61974, "loss": 1.85458, "time": 1.13347}
{"mode": "train", "epoch": 1, "iter": 1500, "lr": 0.0001, "memory": 26678, "data_time": 0.00614, "loss_cls": 0.54162, "loss_bbox": 0.68581, "loss_centerness": 0.62127, "loss": 1.84871, "time": 1.22656}
{"mode": "train", "epoch": 1, "iter": 1550, "lr": 0.0001, "memory": 26678, "data_time": 0.00752, "loss_cls": 0.55741, "loss_bbox": 0.78022, "loss_centerness": 0.63001, "loss": 1.96764, "time": 1.19005}
{"mode": "train", "epoch": 1, "iter": 1600, "lr": 0.0001, "memory": 26678, "data_time": 0.00789, "loss_cls": 0.52774, "loss_bbox": 0.72416, "loss_centerness": 0.62483, "loss": 1.87673, "time": 1.22466}
{"mode": "train", "epoch": 1, "iter": 1650, "lr": 0.0001, "memory": 26678, "data_time": 0.0069, "loss_cls": 0.50585, "loss_bbox": 0.64773, "loss_centerness": 0.62267, "loss": 1.77625, "time": 1.24252}
{"mode": "train", "epoch": 1, "iter": 1700, "lr": 0.0001, "memory": 26678, "data_time": 0.0073, "loss_cls": 0.52177, "loss_bbox": 0.69241, "loss_centerness": 0.62427, "loss": 1.83845, "time": 1.27914}
{"mode": "train", "epoch": 1, "iter": 1750, "lr": 0.0001, "memory": 26678, "data_time": 0.00656, "loss_cls": 0.52222, "loss_bbox": 0.65748, "loss_centerness": 0.62301, "loss": 1.80271, "time": 1.21398}
{"mode": "train", "epoch": 1, "iter": 1800, "lr": 0.0001, "memory": 26678, "data_time": 0.00736, "loss_cls": 0.54998, "loss_bbox": 0.70054, "loss_centerness": 0.62472, "loss": 1.87524, "time": 1.24087}
{"mode": "train", "epoch": 1, "iter": 1850, "lr": 0.0001, "memory": 26678, "data_time": 0.00717, "loss_cls": 0.5476, "loss_bbox": 0.75355, "loss_centerness": 0.62974, "loss": 1.93089, "time": 1.28058}
{"mode": "train", "epoch": 1, "iter": 1900, "lr": 0.0001, "memory": 26678, "data_time": 0.00755, "loss_cls": 0.52339, "loss_bbox": 0.65631, "loss_centerness": 0.6223, "loss": 1.802, "time": 1.24476}
{"mode": "train", "epoch": 1, "iter": 1950, "lr": 0.0001, "memory": 26678, "data_time": 0.00765, "loss_cls": 0.55062, "loss_bbox": 0.66799, "loss_centerness": 0.6219, "loss": 1.84052, "time": 1.25737}
{"mode": "val", "epoch": 1, "iter": 975, "lr": 0.0001, "bbox_mAP": 0.026, "bbox_mAP_50": 0.06, "bbox_mAP_75": 0.018, "bbox_mAP_s": 0.0,